781	Stealing Beauty (1996)	http://dbpedia.org/resource/Stealing_Beauty
1799	Suicide Kings (1997)	http://dbpedia.org/resource/Suicide_Kings
521	Romeo Is Bleeding (1993)	http://dbpedia.org/resource/Romeo_Is_Bleeding
3596	Screwed (2000)	http://dbpedia.org/resource/Screwed_(2000_film)
3682	Magnum Force (1973)	http://dbpedia.org/resource/Magnum_Force
2635	Mummy's Curse, The (1944)	http://dbpedia.org/resource/The_Mummy's_Curse
1590	Event Horizon (1997)	http://dbpedia.org/resource/Event_Horizon_(film)
116	Anne Frank Remembered (1995)	http://dbpedia.org/resource/Anne_Frank_Remembered
3719	Love's Labour's Lost (2000)	http://dbpedia.org/resource/Love's_Labour's_Lost_(2000_film)
3811	Breaker Morant (1980)	http://dbpedia.org/resource/Breaker_Morant_(film)
3801	Anatomy of a Murder (1959)	http://dbpedia.org/resource/Anatomy_of_a_Murder
2173	Navigator: A Mediaeval Odyssey, The (1988)	http://dbpedia.org/resource/The_Navigator:_A_Medieval_Odyssey
2908	Boys Don't Cry (1999)	http://dbpedia.org/resource/Boys_Don't_Cry_(film)
2816	Iron Eagle II (1988)	http://dbpedia.org/resource/Iron_Eagle_II
2243	Broadcast News (1987)	http://dbpedia.org/resource/Broadcast_News_(film)
3553	Gossip (2000)	http://dbpedia.org/resource/Gossip_(2000_American_film)
3344	Blood Feast (1963)	http://dbpedia.org/resource/Blood_Feast_(1972_film)
2095	Shaggy D.A., The (1976)	http://dbpedia.org/resource/The_Shaggy_D.A.
2	Jumanji (1995)	http://dbpedia.org/resource/Jumanji
2950	Blue Lagoon, The (1980)	http://dbpedia.org/resource/Blue_Lagoon:_The_Awakening
1705	Guy (1996)	http://dbpedia.org/resource/Guy_(film)
785	Kingpin (1996)	http://dbpedia.org/resource/Kingpin
3861	Replacements, The (2000)	http://dbpedia.org/resource/The_Replacements_(film)
3942	Sorority House Massacre II (1990)	http://dbpedia.org/resource/Sorority_House_Massacre_II
2005	Goonies, The (1985)	http://dbpedia.org/resource/The_Goonies
2636	Mummy's Ghost, The (1944)	http://dbpedia.org/resource/The_Mummy's_Ghost
834	Phat Beach (1996)	http://dbpedia.org/resource/Phat_Beach
392	Secret Adventures of Tom Thumb, The (1993)	http://dbpedia.org/resource/The_Secret_Adventures_of_Tom_Thumb
117	Young Poisoner's Handbook, The (1995)	http://dbpedia.org/resource/The_Young_Poisoner's_Handbook
162	Crumb (1994)	http://dbpedia.org/resource/Crumb_(film)
2263	Seventh Sign, The (1988)	http://dbpedia.org/resource/The_Seventh_Sign
3802	Freejack (1992)	http://dbpedia.org/resource/Freejack
2682	Limbo (1999)	http://dbpedia.org/resource/Limbo_(1999_film)
1727	Horse Whisperer, The (1998)	http://dbpedia.org/resource/The_Horse_Whisperer_(film)
2244	Allnighter, The (1987)	http://dbpedia.org/resource/The_Allnighter_(film)
3218	Poison (1991)	http://dbpedia.org/resource/Poison_(film)
3812	Everything You Always Wanted to Know About Sex (1972)	http://dbpedia.org/resource/Everything_You_Always_Wanted_to_Know_About_Sex*_(*But_Were_Afraid_to_Ask)
3943	Bamboozled (2000)	http://dbpedia.org/resource/Bamboozled
692	Solo (1996)	http://dbpedia.org/resource/Solo_(1996_film)
2521	Airport 1975 (1974)	http://dbpedia.org/resource/Airport_1975
3548	Auntie Mame (1958)	http://dbpedia.org/resource/Auntie_Mame_(film)
934	Father of the Bride (1950)	http://dbpedia.org/resource/Father_of_the_Bride_(1950_film)
3	Grumpier Old Men (1995)	http://dbpedia.org/resource/Grumpier_Old_Men
2245	Working Girl (1988)	http://dbpedia.org/resource/Working_Girl
3094	Maurice (1987)	http://dbpedia.org/resource/Maurice_(film)
1577	Mondo (1996)	http://dbpedia.org/resource/Mondo_cane
2174	Beetlejuice (1988)	http://dbpedia.org/resource/Beetlejuice
1445	McHale's Navy (1997)	http://dbpedia.org/resource/McHale's_Navy_(1997_film)
1707	Home Alone 3 (1997)	http://dbpedia.org/resource/Home_Alone_3
1921	Pi (1998)	http://dbpedia.org/resource/Pi_(film)
522	Romper Stomper (1992)	http://dbpedia.org/resource/Romper_Stomper
2000	Lethal Weapon (1987)	http://dbpedia.org/resource/Lethal_Weapon
3345	Charlie, the Lonesome Cougar (1967)	http://dbpedia.org/resource/Charlie,_the_Lonesome_Cougar
2134	Weird Science (1985)	http://dbpedia.org/resource/Weird_Science_(film)
3549	Guys and Dolls (1955)	http://dbpedia.org/resource/Guys_and_Dolls_(film)
552	Three Musketeers, The (1993)	http://dbpedia.org/resource/The_Three_Musketeers_(1993_film)
1728	Winter Guest, The (1997)	http://dbpedia.org/resource/The_Winter_Guest
3944	Bootmen (2000)	http://dbpedia.org/resource/Bootmen
2951	Fistful of Dollars, A (1964)	http://dbpedia.org/resource/A_Fistful_of_Dollars
1178	Paths of Glory (1957)	http://dbpedia.org/resource/Paths_of_Glory
2763	Thomas Crown Affair, The (1999)	http://dbpedia.org/resource/The_Thomas_Crown_Affair_(1999_film)
2817	Aces: Iron Eagle III (1992)	http://dbpedia.org/resource/Aces:_Iron_Eagle_III
3813	Interiors (1978)	http://dbpedia.org/resource/Interiors
118	If Lucy Fell (1996)	http://dbpedia.org/resource/If_Lucy_Fell
3862	About Adam (2000)	http://dbpedia.org/resource/About_Adam
2522	Airport '77 (1977)	http://dbpedia.org/resource/Airport_'77
2246	Stars and Bars (1988)	http://dbpedia.org/resource/Stars_and_bars
2683	Austin Powers: The Spy Who Shagged Me (1999)	http://dbpedia.org/resource/Austin_Powers:_The_Spy_Who_Shagged_Me
3037	Little Big Man (1970)	http://dbpedia.org/resource/Little_Big_Man_(film)
517	Rising Sun (1993)	http://dbpedia.org/resource/Rising_Sun_(film)
1483	Crash (1996)	http://dbpedia.org/resource/Crash_(1996_film)
1446	Kolya (1996)	http://dbpedia.org/resource/Kolya
2520	Airport (1970)	http://dbpedia.org/resource/Airport_(1970_film)
3462	Modern Times (1936)	http://dbpedia.org/resource/Modern_Times_(film)
523	Ruby in Paradise (1993)	http://dbpedia.org/resource/Ruby_in_Paradise
2247	Married to the Mob (1988)	http://dbpedia.org/resource/Married_to_the_Mob
2024	Rapture, The (1991)	http://dbpedia.org/resource/Rapture_(1965_film)
3683	Blood Simple (1984)	http://dbpedia.org/resource/Blood_Simple
119	Steal Big, Steal Little (1995)	http://dbpedia.org/resource/Steal_Big_Steal_Little
2310	Mighty, The (1998)	http://dbpedia.org/resource/The_Mighty
1729	Jackie Brown (1997)	http://dbpedia.org/resource/Jackie_Brown_(film)
388	Boys Life (1995)	http://dbpedia.org/resource/Boys_Life_(film)
2555	Baby Geniuses (1999)	http://dbpedia.org/resource/Baby_Geniuses
3424	Do the Right Thing (1989)	http://dbpedia.org/resource/Do_the_Right_Thing
1623	Wishmaster (1997)	http://dbpedia.org/resource/Wishmaster_(film)
3945	Digimon: The Movie (2000)	http://dbpedia.org/resource/Digimon:_The_Movie
3038	Face in the Crowd, A (1957)	http://dbpedia.org/resource/A_Face_in_the_Crowd_(film)
3219	Pacific Heights (1990)	http://dbpedia.org/resource/Pacific_Heights_(film)
1434	Stranger, The (1994)	http://dbpedia.org/resource/The_Stranger_(1995_film)
3555	U-571 (2000)	http://dbpedia.org/resource/U-571_(film)
3346	Color Me Blood Red (1965)	http://dbpedia.org/resource/Color_Me_Blood_Red
251	Hunted, The (1995)	http://dbpedia.org/resource/Hunted_(film)
1876	Deep Impact (1998)	http://dbpedia.org/resource/Deep_Impact_(film)
2248	Say Anything... (1989)	http://dbpedia.org/resource/Say_Anything...
2779	Heaven Can Wait (1978)	http://dbpedia.org/resource/Heaven_Can_Wait_(1978_film)
1350	Omen, The (1976)	http://dbpedia.org/resource/The_Omen
120	Race the Sun (1996)	http://dbpedia.org/resource/Race_the_Sun
3166	Brenda Starr (1989)	http://dbpedia.org/resource/Brenda_Starr_(film)
935	Band Wagon, The (1953)	http://dbpedia.org/resource/The_Band_Wagon
2001	Lethal Weapon 2 (1989)	http://dbpedia.org/resource/Lethal_Weapon_2
1046	Beautiful Thing (1996)	http://dbpedia.org/resource/Beautiful_Thing_(film)
1015	Homeward Bound: The Incredible Journey (1993)	http://dbpedia.org/resource/Homeward_Bound:_The_Incredible_Journey
2818	Iron Eagle IV (1995)	http://dbpedia.org/resource/Iron_Eagle_on_the_Attack
3425	Mo' Better Blues (1990)	http://dbpedia.org/resource/Mo'_Better_Blues
1484	Daytrippers, The (1996)	http://dbpedia.org/resource/The_Daytrippers
913	Maltese Falcon, The (1941)	http://dbpedia.org/resource/The_Maltese_Falcon_(1941_film)
1730	Kundun (1997)	http://dbpedia.org/resource/Kundun
782	Fan, The (1996)	http://dbpedia.org/resource/The_Fan_(1996_film)
440	Dave (1993)	http://dbpedia.org/resource/Dave_(film)
1447	Gridlock'd (1997)	http://dbpedia.org/resource/Gridlock'd
2096	Sleeping Beauty (1959)	http://dbpedia.org/resource/Sleeping_Beauty_(1959_film)
1217	Ran (1985)	http://dbpedia.org/resource/Ran_(film)
2264	We're No Angels (1989)	http://dbpedia.org/resource/We're_No_Angels_(1989_film)
121	Boys of St. Vincent, The (1993)	http://dbpedia.org/resource/The_Boys_of_St._Vincent
299	Priest (1994)	http://dbpedia.org/resource/Priest_(1994_film)
3556	Virgin Suicides, The (1999)	http://dbpedia.org/resource/The_Virgin_Suicides_(film)
1579	For Ever Mozart (1996)	http://dbpedia.org/resource/For_Ever_Mozart
2953	Home Alone 2: Lost in New York (1992)	http://dbpedia.org/resource/Home_Alone_2:_Lost_in_New_York
2135	Doctor Dolittle (1967)	http://dbpedia.org/resource/Doctor_Dolittle_(film)
518	Road to Wellville, The (1994)	http://dbpedia.org/resource/The_Road_to_Wellville_(film)
936	Ninotchka (1939)	http://dbpedia.org/resource/Ninotchka
1731	Mr. Magoo (1997)	http://dbpedia.org/resource/Mr._Magoo_(film)
3803	Greaser's Palace (1972)	http://dbpedia.org/resource/Greaser's_Palace
2437	Wilde (1997)	http://dbpedia.org/resource/Wilde_(film)
2392	Jack Frost (1998)	http://dbpedia.org/resource/Jack_Frost_(1998_film)
2819	Three Days of the Condor (1975)	http://dbpedia.org/resource/Three_Days_of_the_Condor
2002	Lethal Weapon 3 (1992)	http://dbpedia.org/resource/Lethal_Weapon_3
3039	Trading Places (1983)	http://dbpedia.org/resource/Trading_Places
390	Faster Pussycat! Kill! Kill! (1965)	http://dbpedia.org/resource/Faster,_Pussycat!_Kill!_Kill!
2556	Telling You (1998)	http://dbpedia.org/resource/Telling_You
1591	Spawn (1997)	http://dbpedia.org/resource/Spawn_(film)
1711	Midnight in the Garden of Good and Evil (1997)	http://dbpedia.org/resource/Midnight_in_the_Garden_of_Good_and_Evil_(film)
3347	Never Cry Wolf (1983)	http://dbpedia.org/resource/Never_Cry_Wolf_(film)
3167	Carnal Knowledge (1971)	http://dbpedia.org/resource/Carnal_Knowledge
914	My Fair Lady (1964)	http://dbpedia.org/resource/My_Fair_Lady_(film)
1624	Thousand Acres, A (1997)	http://dbpedia.org/resource/A_Thousand_Acres_(film)
1047	Long Kiss Goodnight, The (1996)	http://dbpedia.org/resource/The_Long_Kiss_Goodnight
519	Robocop 3 (1993)	http://dbpedia.org/resource/RoboCop_3
3295	Raining Stones (1993)	http://dbpedia.org/resource/Raining_Stones
300	Quiz Show (1994)	http://dbpedia.org/resource/Quiz_Show_(film)
1437	Cement Garden, The (1993)	http://dbpedia.org/resource/The_Cement_Garden_(film)
3557	Jennifer 8 (1992)	http://dbpedia.org/resource/Jennifer_8
1801	Man in the Iron Mask, The (1998)	http://dbpedia.org/resource/The_Man_in_the_Iron_Mask_(1998_film)
2097	Something Wicked This Way Comes (1983)	http://dbpedia.org/resource/Something_Wicked_This_Way_Comes_(film)
524	Rudy (1993)	http://dbpedia.org/resource/Rudy_(film)
441	Dazed and Confused (1993)	http://dbpedia.org/resource/Dazed_and_Confused
391	Jason's Lyric (1994)	http://dbpedia.org/resource/Jason's_Lyric
3426	Jungle Fever (1991)	http://dbpedia.org/resource/Jungle_Fever
554	Trial by Jury (1994)	http://dbpedia.org/resource/Trial_by_Jury_(film)
1732	Big Lebowski, The (1998)	http://dbpedia.org/resource/The_Big_Lebowski
3804	H.O.T.S. (1979)	http://dbpedia.org/resource/H.O.T.S.
2438	Outside Ozona (1998)	http://dbpedia.org/resource/Outside_Ozona
3168	Easy Rider (1969)	http://dbpedia.org/resource/Easy_Rider
1713	Mouse Hunt (1997)	http://dbpedia.org/resource/MouseHunt_(film)
3348	Night Visitor, The (1970)	http://dbpedia.org/resource/Night_Visitor
1449	Waiting for Guffman (1996)	http://dbpedia.org/resource/Waiting_for_Guffman
2764	Thomas Crown Affair, The (1968)	http://dbpedia.org/resource/The_Thomas_Crown_Affair_(1968_film)
3597	Whipped (2000)	http://dbpedia.org/resource/Whipped_(film)
4	Waiting to Exhale (1995)	http://dbpedia.org/resource/Waiting_to_Exhale
520	Robin Hood: Men in Tights (1993)	http://dbpedia.org/resource/Robin_Hood:_Men_in_Tights
301	Picture Bride (1995)	http://dbpedia.org/resource/Picture_Bride_(film)
1049	Ghost and the Darkness, The (1996)	http://dbpedia.org/resource/The_Ghost_and_the_Darkness
1438	Dante's Peak (1997)	http://dbpedia.org/resource/Dante's_Peak
28	Persuasion (1995)	http://dbpedia.org/resource/Persuasion_(1995_film)
1179	Grifters, The (1990)	http://dbpedia.org/resource/The_Grifters_(film)
252	I.Q. (1994)	http://dbpedia.org/resource/I.Q._(film)
3221	Draughtsman's Contract, The (1982)	http://dbpedia.org/resource/The_Draughtsman's_Contract
2523	Rollercoaster (1977)	http://dbpedia.org/resource/Rollercoaster_(1977_film)
2765	Acid House, The (1998)	http://dbpedia.org/resource/The_Acid_House_(film)
1804	Newton Boys, The (1998)	http://dbpedia.org/resource/The_Newton_Boys
3427	Coogan's Bluff (1968)	http://dbpedia.org/resource/Coogan's_Bluff_(film)
3805	Knightriders (1981)	http://dbpedia.org/resource/Knightriders
442	Demolition Man (1993)	http://dbpedia.org/resource/Demolition_Man_(film)
2006	Mask of Zorro, The (1998)	http://dbpedia.org/resource/The_Mask_of_Zorro
1293	Gandhi (1982)	http://dbpedia.org/resource/Gandhi_(film)
2439	Affliction (1997)	http://dbpedia.org/resource/Affliction_(film)
525	Saint of Fort Washington, The (1993)	http://dbpedia.org/resource/The_Saint_of_Fort_Washington
253	Interview with the Vampire (1994)	http://dbpedia.org/resource/Interview_with_the_Vampire:_The_Vampire_Chronicles
555	True Romance (1993)	http://dbpedia.org/resource/True_Romance
1733	Afterglow (1997)	http://dbpedia.org/resource/Afterglow_(film)
2249	My Blue Heaven (1990)	http://dbpedia.org/resource/My_Blue_Heaven_(1990_film)
835	Foxfire (1996)	http://dbpedia.org/resource/Foxfire_(1996_film)
3169	Falcon and the Snowman, The (1984)	http://dbpedia.org/resource/The_Falcon_and_the_Snowman
1715	Office Killer (1997)	http://dbpedia.org/resource/Office_Killer
3720	Sunshine (1999)	http://dbpedia.org/resource/Sunshine_(1999_film)
2393	Star Trek: Insurrection (1998)	http://dbpedia.org/resource/Star_Trek:_Insurrection
1016	Shaggy Dog, The (1959)	http://dbpedia.org/resource/The_Shaggy_Dog_(1959_film)
29	City of Lost Children, The (1995)	http://dbpedia.org/resource/The_City_of_Lost_Children
5	Father of the Bride Part II (1995)	http://dbpedia.org/resource/Father_of_the_Bride_Part_II
3806	MacKenna's Gold (1969)	http://dbpedia.org/resource/Mackenna's_Gold
3463	Last Resort (1994)	http://dbpedia.org/resource/Last_Resort_(1986_film)
2524	Towering Inferno, The (1974)	http://dbpedia.org/resource/The_Towering_Inferno
254	Jefferson in Paris (1995)	http://dbpedia.org/resource/Jefferson_in_Paris
443	Endless Summer 2, The (1994)	http://dbpedia.org/resource/The_Endless_Summer_II
786	Eraser (1996)	http://dbpedia.org/resource/Eraser_(film)
2250	Men Don't Leave (1990)	http://dbpedia.org/resource/Men_Don't_Leave
556	War Room, The (1993)	http://dbpedia.org/resource/The_War_Room
3684	Fabulous Baker Boys, The (1989)	http://dbpedia.org/resource/The_Fabulous_Baker_Boys
2638	Mummy's Tomb, The (1942)	http://dbpedia.org/resource/The_Mummy's_Tomb
937	Love in the Afternoon (1957)	http://dbpedia.org/resource/Love_in_the_Afternoon_(1957_film)
393	Street Fighter (1994)	http://dbpedia.org/resource/Street_Fighter_(1994_film)
2098	Son of Flubber (1963)	http://dbpedia.org/resource/Son_of_Flubber
2007	Polish Wedding (1998)	http://dbpedia.org/resource/Polish_Wedding
30	Shanghai Triad (Yao a yao yao dao waipo qiao) (1995)	http://dbpedia.org/resource/Shanghai_Triad
3946	Get Carter (2000)	http://dbpedia.org/resource/Get_Carter_(2000_film)
1050	Looking for Richard (1996)	http://dbpedia.org/resource/Looking_for_Richard
3464	Solar Crisis (1993)	http://dbpedia.org/resource/Solar_Crisis_(film)
1439	Meet Wally Sparks (1997)	http://dbpedia.org/resource/Meet_Wally_Sparks
1734	My Life in Pink (Ma vie en rose) (1997)	http://dbpedia.org/resource/Ma_vie_en_rose
444	Even Cowgirls Get the Blues (1993)	http://dbpedia.org/resource/Even_Cowgirls_Get_the_Blues_(film)
3807	Sinbad and the Eye of the Tiger (1977)	http://dbpedia.org/resource/Sinbad_and_the_Eye_of_the_Tiger
3296	To Sir with Love (1967)	http://dbpedia.org/resource/To_Sir,_with_Love_II
163	Desperado (1995)	http://dbpedia.org/resource/Desperado_(film)
255	Jerky Boys, The (1994)	http://dbpedia.org/resource/The_Jerky_Boys:_The_Movie
2394	Prince of Egypt, The (1998)	http://dbpedia.org/resource/The_Prince_of_Egypt
938	Gigi (1958)	http://dbpedia.org/resource/Gigi_(1958_film)
2639	Mommie Dearest (1981)	http://dbpedia.org/resource/Mommie_Dearest_(film)
3685	Prizzi's Honor (1985)	http://dbpedia.org/resource/Prizzi's_Honor
1485	Liar Liar (1997)	http://dbpedia.org/resource/Liar,_Liar_(1993_film)
2099	Song of the South (1946)	http://dbpedia.org/resource/Song_of_the_South
1922	Whatever (1998)	http://dbpedia.org/resource/Whatever_Works
1453	Beautician and the Beast, The (1997)	http://dbpedia.org/resource/The_Beautician_and_the_Beast
2003	Gremlins (1984)	http://dbpedia.org/resource/Gremlins
1093	Doors, The (1991)	http://dbpedia.org/resource/The_Doors_(film)
132	Jade (1995)	http://dbpedia.org/resource/Jade_(film)
1717	Scream 2 (1997)	http://dbpedia.org/resource/Scream_2
31	Dangerous Minds (1995)	http://dbpedia.org/resource/Dangerous_Minds
2265	Nothing But Trouble (1991)	http://dbpedia.org/resource/Nothing_but_Trouble_(1991_film)
2766	Adventures of Sebastian Cole, The (1998)	http://dbpedia.org/resource/The_Adventures_of_Sebastian_Cole
3863	Cell, The (2000)	http://dbpedia.org/resource/Cell_Phone_(film)
1051	Trees Lounge (1996)	http://dbpedia.org/resource/Trees_Lounge
3808	Two Women (La Ciociara) (1961)	http://dbpedia.org/resource/Two_Women
2440	Another Day in Paradise (1998)	http://dbpedia.org/resource/Another_Day_in_Paradise_(film)
3171	Room at the Top (1959)	http://dbpedia.org/resource/Room_at_the_Top
1294	M*A*S*H (1970)	http://dbpedia.org/resource/MASH_(film)
445	Fatal Instinct (1993)	http://dbpedia.org/resource/Fatal_Instinct
1311	Santa with Muscles (1996)	http://dbpedia.org/resource/Santa_with_Muscles
3550	Hunger, The (1983)	http://dbpedia.org/resource/The_Hunger_Games_(film)
557	Mamma Roma (1962)	http://dbpedia.org/resource/Mamma_Roma
3297	With Byrd at the South Pole (1930)	http://dbpedia.org/resource/With_Byrd_at_the_South_Pole
2004	Gremlins 2: The New Batch (1990)	http://dbpedia.org/resource/Gremlins_2:_The_New_Batch
3465	That's Life! (1986)	http://dbpedia.org/resource/That's_Life!_(film)
2395	Rushmore (1998)	http://dbpedia.org/resource/Rushmore_(film)
1580	Men in Black (1997)	http://dbpedia.org/resource/Men_in_Black_(film)
164	Devil in a Blue Dress (1995)	http://dbpedia.org/resource/Devil_in_a_Blue_Dress_(film)
2650	Ghost of Frankenstein, The (1942)	http://dbpedia.org/resource/The_Ghost_of_Frankenstein
2767	Illuminata (1998)	http://dbpedia.org/resource/Illuminata_(film)
939	Reluctant Debutante, The (1958)	http://dbpedia.org/resource/The_Reluctant_Debutante_(film)
1052	Proprietor, The (1996)	http://dbpedia.org/resource/The_Proprietor
122	Boomerang (1992)	http://dbpedia.org/resource/Boomerang_(1992_film)
1923	There's Something About Mary (1998)	http://dbpedia.org/resource/There's_Something_About_Mary
394	Coldblooded (1995)	http://dbpedia.org/resource/Coldblooded_(film)
3809	What About Bob? (1991)	http://dbpedia.org/resource/What_About_Bob%3F
3298	Boiler Room (2000)	http://dbpedia.org/resource/Boiler_Room_(film)
836	Chain Reaction (1996)	http://dbpedia.org/resource/Chain_Reaction_(film)
783	Hunchback of Notre Dame, The (1996)	http://dbpedia.org/resource/The_Hunchback_of_Notre_Dame_(1996_film)
2558	Forces of Nature (1999)	http://dbpedia.org/resource/Forces_of_Nature
527	Schindler's List (1993)	http://dbpedia.org/resource/Schindler's_List
3551	Marathon Man (1976)	http://dbpedia.org/resource/Marathon_Man_(film)
1094	Crying Game, The (1992)	http://dbpedia.org/resource/The_Crying_Game
2266	Butcher's Wife, The (1991)	http://dbpedia.org/resource/The_Butcher's_Wife
1581	Out to Sea (1997)	http://dbpedia.org/resource/Out_to_Sea
3097	Shop Around the Corner, The (1940)	http://dbpedia.org/resource/The_Shop_Around_the_Corner
787	Gate of Heavenly Peace, The (1995)	http://dbpedia.org/resource/The_Gate_of_Heavenly_Peace
2768	Stiff Upper Lips (1998)	http://dbpedia.org/resource/Stiff_Upper_Lips
2176	Rope (1948)	http://dbpedia.org/resource/Rope_(film)
2009	Soylent Green (1973)	http://dbpedia.org/resource/Soylent_Green
915	Sabrina (1954)	http://dbpedia.org/resource/Sabrina_(1954_film)
32	Twelve Monkeys (1995)	http://dbpedia.org/resource/12_Monkeys
2396	Shakespeare in Love (1998)	http://dbpedia.org/resource/Shakespeare_in_Love
1017	Swiss Family Robinson (1960)	http://dbpedia.org/resource/Swiss_Family_Robinson_(1960_film)
2136	Nutty Professor, The (1963)	http://dbpedia.org/resource/The_Nutty_Professor
2954	Penitentiary (1979)	http://dbpedia.org/resource/Penitentiary_(1979_film)
3810	White Sands (1992)	http://dbpedia.org/resource/White_Sands_(film)
1351	Blood & Wine (1997)	http://dbpedia.org/resource/Blood_Diamond_(film)
2651	Frankenstein Meets the Wolf Man (1943)	http://dbpedia.org/resource/Frankenstein_Meets_the_Wolf_Man
1582	Wild America (1997)	http://dbpedia.org/resource/Wild_America_(film)
1053	Normal Life (1996)	http://dbpedia.org/resource/Normal_Life
2441	Hi-Lo Country, The (1998)	http://dbpedia.org/resource/The_Hi-Lo_Country
1718	Stranger in the House (1997)	http://dbpedia.org/resource/Stranger_in_the_House_(1967_film)
3299	Hanging Up (2000)	http://dbpedia.org/resource/Hanging_Up
165	Die Hard: With a Vengeance (1995)	http://dbpedia.org/resource/Die_Hard_with_a_Vengeance
3947	Get Carter (1971)	http://dbpedia.org/resource/Get_Carter
2267	Mortal Thoughts (1991)	http://dbpedia.org/resource/Mortal_Thoughts
3466	Heart and Souls (1993)	http://dbpedia.org/resource/Heart_and_Souls
1295	Unbearable Lightness of Being, The (1988)	http://dbpedia.org/resource/The_Unbearable_Lightness_of_Being_(film)
3686	Flatliners (1990)	http://dbpedia.org/resource/Flatliners
446	Farewell My Concubine (1993)	http://dbpedia.org/resource/Farewell_My_Concubine_(film)
1583	Simple Wish, A (1997)	http://dbpedia.org/resource/A_Simple_Wish
3559	Limelight (1952)	http://dbpedia.org/resource/Limelight_(1952_film)
1486	Quiet Room, The (1996)	http://dbpedia.org/resource/The_Quiet_Room
2100	Splash (1984)	http://dbpedia.org/resource/Splash_(film)
1313	Mad Dog Time (1996)	http://dbpedia.org/resource/Mad_Dog_Time
2025	Lolita (1997)	http://dbpedia.org/resource/Lolita_(1997_film)
125	Flirting With Disaster (1996)	http://dbpedia.org/resource/Flirting_with_Disaster_(film)
2780	Raven, The (1963)	http://dbpedia.org/resource/The_Raven_(1963_film)
3721	Trixie (1999)	http://dbpedia.org/resource/Trixie_(film)
1719	Sweet Hereafter, The (1997)	http://dbpedia.org/resource/The_Sweet_Hereafter_(film)
3814	Love and Death (1975)	http://dbpedia.org/resource/Love_and_Death
1095	Glengarry Glen Ross (1992)	http://dbpedia.org/resource/Glengarry_Glen_Ross_(film)
1296	Room with a View, A (1986)	http://dbpedia.org/resource/Room_with_a_View
2652	Curse of Frankenstein, The (1957)	http://dbpedia.org/resource/The_Curse_of_Frankenstein
784	Cable Guy, The (1996)	http://dbpedia.org/resource/Larry_the_Cable_Guy:_Health_Inspector
33	Wings of Courage (1995)	http://dbpedia.org/resource/Wings_of_Courage
916	Roman Holiday (1953)	http://dbpedia.org/resource/Roman_Holiday_(1987_film)
3552	Caddyshack (1980)	http://dbpedia.org/resource/Caddyshack_II
1219	Psycho (1960)	http://dbpedia.org/resource/Psycho_(1960_film)
1054	Get on the Bus (1996)	http://dbpedia.org/resource/Get_on_the_Bus
256	Junior (1994)	http://dbpedia.org/resource/Junior_(1994_film)
2311	2010 (1984)	http://dbpedia.org/resource/2010_(film)
2268	Few Good Men, A (1992)	http://dbpedia.org/resource/A_Few_Good_Men
558	Pagemaster, The (1994)	http://dbpedia.org/resource/The_Pagemaster
1440	Amos & Andrew (1993)	http://dbpedia.org/resource/Amos_&_Andrew
653	Dragonheart (1996)	http://dbpedia.org/resource/Dragonheart
303	Quick and the Dead, The (1995)	http://dbpedia.org/resource/The_Quick_and_the_Dead_(1995_film)
2252	Hero (1992)	http://dbpedia.org/resource/Everyone's_Hero
3300	Pitch Black (2000)	http://dbpedia.org/resource/Pitch_Black_(film)
2101	Squanto: A Warrior's Tale (1994)	http://dbpedia.org/resource/Squanto:_A_Warrior's_Tale
2442	Hilary and Jackie (1998)	http://dbpedia.org/resource/Hilary_and_Jackie
396	Fall Time (1995)	http://dbpedia.org/resource/Fall_Time
1297	Real Genius (1985)	http://dbpedia.org/resource/Real_Genius
166	Doom Generation, The (1995)	http://dbpedia.org/resource/The_Doom_Generation
2912	Limey, The (1999)	http://dbpedia.org/resource/The_Limey
126	NeverEnding Story III, The (1994)	http://dbpedia.org/resource/The_NeverEnding_Story_III
3865	Original Kings of Comedy, The (2000)	http://dbpedia.org/resource/The_Original_Kings_of_Comedy
2397	Mass Appeal (1984)	http://dbpedia.org/resource/Mass_Appeal_(film)
257	Just Cause (1995)	http://dbpedia.org/resource/Just_Cause_(film)
2177	Family Plot (1976)	http://dbpedia.org/resource/Family_Plot
1314	Breathing Room (1996)	http://dbpedia.org/resource/Breathing_Room
1298	Pink Floyd - The Wall (1982)	http://dbpedia.org/resource/Pink_Floyd_%25E2%2580%2593_The_Wall
2955	Penitentiary II (1982)	http://dbpedia.org/resource/Penitentiary_II
2781	Tingler, The (1959)	http://dbpedia.org/resource/The_Tingler
1018	That Darn Cat! (1965)	http://dbpedia.org/resource/That_Darn_Cat!
1352	Albino Alligator (1996)	http://dbpedia.org/resource/Albino_Alligator
1055	Shadow Conspiracy (1997)	http://dbpedia.org/resource/Shadow_Conspiracy
2026	Disturbing Behavior (1998)	http://dbpedia.org/resource/Disturbing_Behavior
2269	Indecent Proposal (1993)	http://dbpedia.org/resource/Indecent_Proposal
2640	Superman (1978)	http://dbpedia.org/resource/Superman_(1978_film)
1625	Game, The (1997)	http://dbpedia.org/resource/Death_Proof
263	Ladybird Ladybird (1994)	http://dbpedia.org/resource/Ladybird,_Ladybird_(film)
258	Kid in King Arthur's Court, A (1995)	http://dbpedia.org/resource/A_Kid_in_King_Arthur's_Court
1096	Sophie's Choice (1982)	http://dbpedia.org/resource/Sophie's_Choice_(film)
3173	Any Given Sunday (1999)	http://dbpedia.org/resource/Any_Given_Sunday
2103	Tall Tale (1994)	http://dbpedia.org/resource/Tall_Tale_(film)
2820	Hamlet (1964)	http://dbpedia.org/resource/Hamlet_(1964_film)
1592	Air Bud (1997)	http://dbpedia.org/resource/Air_Bud
2769	Yards, The (1999)	http://dbpedia.org/resource/The_Yards
167	Feast of July (1995)	http://dbpedia.org/resource/Feast_of_July
3428	Champ, The (1979)	http://dbpedia.org/resource/The_Champ_(1979_film)
2770	Bowfinger (1999)	http://dbpedia.org/resource/Bowfinger
3598	Hamlet (2000)	http://dbpedia.org/resource/Hamlet_(2000_film)
2913	Mating Habits of the Earthbound Human, The (1998)	http://dbpedia.org/resource/The_Mating_Habits_of_the_Earthbound_Human
129	Pie in the Sky (1995)	http://dbpedia.org/resource/Pie_in_the_Sky_(1996_film)
2956	Someone to Watch Over Me (1987)	http://dbpedia.org/resource/Someone_to_Watch_Over_Me_(film)
3561	Stacy's Knights (1982)	http://dbpedia.org/resource/Stacy's_Knights
2771	Brokedown Palace (1999)	http://dbpedia.org/resource/Brokedown_Palace
1353	Mirror Has Two Faces, The (1996)	http://dbpedia.org/resource/The_Mirror_Has_Two_Faces
3301	Whole Nine Yards, The (2000)	http://dbpedia.org/resource/The_Whole_Nine_Yards_(film)
2641	Superman II (1980)	http://dbpedia.org/resource/Superman_II
2312	Children of a Lesser God (1986)	http://dbpedia.org/resource/Children_of_a_Lesser_God
135	Down Periscope (1996)	http://dbpedia.org/resource/Down_Periscope
1299	Killing Fields, The (1984)	http://dbpedia.org/resource/The_Killing_Fields_(film)
304	Roommates (1995)	http://dbpedia.org/resource/Roommates_(1995_film)
2270	Century of Cinema, A (1994)	http://dbpedia.org/resource/A_Century_of_Cinema
2642	Superman III (1983)	http://dbpedia.org/resource/Superman_III
940	Adventures of Robin Hood, The (1938)	http://dbpedia.org/resource/The_Adventures_of_Robin_Hood_(film)
1878	Woo (1998)	http://dbpedia.org/resource/Woo_(film)
2104	Tex (1982)	http://dbpedia.org/resource/Tex_(film)
1805	Wild Things (1998)	http://dbpedia.org/resource/Wild_Things_2
2525	Alligator (1980)	http://dbpedia.org/resource/Alligator_(film)
1300	My Life as a Dog (Mitt liv som hund) (1985)	http://dbpedia.org/resource/My_Life_as_a_Dog
1097	E.T. the Extra-Terrestrial (1982)	http://dbpedia.org/resource/E.T._the_Extra-Terrestrial
265	Like Water for Chocolate (Como agua para chocolate) (1992)	http://dbpedia.org/resource/Like_Water_for_Chocolate_(film)
1584	Contact (1997)	http://dbpedia.org/resource/Contact
694	Substitute, The (1996)	http://dbpedia.org/resource/Substitute_(film)
2653	Son of Dracula (1943)	http://dbpedia.org/resource/Son_of_Dracula_(1943_film)
1441	Benny & Joon (1993)	http://dbpedia.org/resource/The_Benny_Goodman_Story
559	Paris, France (1993)	http://dbpedia.org/resource/Paris,_France_(film)
2137	Charlotte's Web (1973)	http://dbpedia.org/resource/Charlotte's_Web_(1973_film)
2643	Superman IV: The Quest for Peace (1987)	http://dbpedia.org/resource/Superman_IV:_The_Quest_for_Peace
2687	Tarzan (1999)	http://dbpedia.org/resource/Tarzan_(1999_film)
2271	Permanent Midnight (1998)	http://dbpedia.org/resource/Permanent_Midnight
2253	Toys (1992)	http://dbpedia.org/resource/Toys_(film)
2443	Playing by Heart (1998)	http://dbpedia.org/resource/Playing_by_Heart
3687	Light Years (1988)	http://dbpedia.org/resource/Light_Years_Away
3948	Meet the Parents (2000)	http://dbpedia.org/resource/Meet_the_Parents_(1992_film)
3222	Carmen (1984)	http://dbpedia.org/resource/Carmen_(1984_film)
3040	Meatballs (1979)	http://dbpedia.org/resource/Meatballs_(film)
1585	Love Serenade (1996)	http://dbpedia.org/resource/Love_Serenade
3467	Hud (1963)	http://dbpedia.org/resource/Hud_(1986_film)
1056	Jude (1996)	http://dbpedia.org/resource/Jude_(film)
2772	Detroit Rock City (1999)	http://dbpedia.org/resource/Detroit_Rock_City_(film)
168	First Knight (1995)	http://dbpedia.org/resource/First_Knight
266	Legends of the Fall (1994)	http://dbpedia.org/resource/Legends_of_the_Fall
1301	Forbidden Planet (1956)	http://dbpedia.org/resource/Forbidden_Planet
3599	Anchors Aweigh (1945)	http://dbpedia.org/resource/Anchors_Aweigh_(film)
2138	Watership Down (1978)	http://dbpedia.org/resource/Watership_Down_(film)
1721	Titanic (1997)	http://dbpedia.org/resource/Titanic_(1997_film)
1354	Breaking the Waves (1996)	http://dbpedia.org/resource/Breaking_the_Waves
2272	One True Thing (1998)	http://dbpedia.org/resource/One_True_Thing
1442	Prefontaine (1997)	http://dbpedia.org/resource/Prefontaine_(film)
2444	24 7: Twenty Four Seven (1997)	http://dbpedia.org/resource/Twenty_Four_Seven_(film)
1181	Shooter, The (1995)	http://dbpedia.org/resource/Shooter
1020	Cool Runnings (1993)	http://dbpedia.org/resource/Cool_Runnings
3600	Blue Hawaii (1961)	http://dbpedia.org/resource/Blue_Hawaii
1302	Field of Dreams (1989)	http://dbpedia.org/resource/Field_of_Dreams
1735	Great Expectations (1998)	http://dbpedia.org/resource/Great_Expectations_(1998_film)
169	Free Willy 2: The Adventure Home (1995)	http://dbpedia.org/resource/Free_Willy_2:_The_Adventure_Home
259	Kiss of Death (1995)	http://dbpedia.org/resource/Kiss_of_Death_(1995_film)
2782	Pit and the Pendulum (1961)	http://dbpedia.org/resource/The_Pit_and_the_Pendulum_(1961_film)
1626	Fire Down Below (1997)	http://dbpedia.org/resource/Fire_Down_Below_(1997_film)
2773	Alice and Martin (Alice et Martin) (1998)	http://dbpedia.org/resource/Alice_and_Martin_(1998_film)
1057	Everyone Says I Love You (1996)	http://dbpedia.org/resource/Everyone_Says_I_Love_You
2821	Male and Female (1919)	http://dbpedia.org/resource/Male_and_Female
3949	Requiem for a Dream (2000)	http://dbpedia.org/resource/Requiem_for_a_Dream
1059	William Shakespeare's Romeo and Juliet (1996)	http://dbpedia.org/resource/Romeo__Juliet
3223	Zed & Two Noughts, A (1985)	http://dbpedia.org/resource/A_Zed_&_Two_Noughts
1586	G.I. Jane (1997)	http://dbpedia.org/resource/G.I._Jane
2010	Metropolis (1926)	http://dbpedia.org/resource/Metropolis_(1927_film)
2688	General's Daughter, The (1999)	http://dbpedia.org/resource/The_General's_Daughter_(film)
2105	Tron (1982)	http://dbpedia.org/resource/Tron:_Legacy
1183	English Patient, The (1996)	http://dbpedia.org/resource/The_English_Patient_(film)
1487	Selena (1997)	http://dbpedia.org/resource/Selena_(film)
1722	Tomorrow Never Dies (1997)	http://dbpedia.org/resource/Tomorrow_Never_Dies
3041	Meatballs Part II (1984)	http://dbpedia.org/resource/Meatballs_Part_II
1220	Blues Brothers, The (1980)	http://dbpedia.org/resource/The_Blues_Brothers_(film)
2774	Better Than Chocolate (1999)	http://dbpedia.org/resource/Better_Than_Chocolate
788	Nutty Professor, The (1996)	http://dbpedia.org/resource/The_Nutty_Professor_(1996_film)
2559	King and I, The (1999)	http://dbpedia.org/resource/The_King_and_I_(1999_film)
1303	Man Who Would Be King, The (1975)	http://dbpedia.org/resource/The_Man_Who_Would_Be_King_(film)
528	Scout, The (1994)	http://dbpedia.org/resource/The_Scout_(film)
837	Matilda (1996)	http://dbpedia.org/resource/Matilda_(1996_film)
3950	Tigerland (2000)	http://dbpedia.org/resource/Tigerland
3042	Meatballs III (1987)	http://dbpedia.org/resource/Meatballs_III:_Summer_Job
3601	Castaway Cowboy, The (1974)	http://dbpedia.org/resource/The_Castaway_Cowboy
2106	Swing Kids (1993)	http://dbpedia.org/resource/Swing_Kids_(film)
3302	Beautiful People (1999)	http://dbpedia.org/resource/Beautiful_People_(film)
2178	Frenzy (1972)	http://dbpedia.org/resource/Frenzy
260	Star Wars: Episode IV - A New Hope (1977)	http://dbpedia.org/resource/Star_Wars_(film)
1593	Picture Perfect (1997)	http://dbpedia.org/resource/Picture_Perfect_(1997_film)
3866	Sunset Strip (2000)	http://dbpedia.org/resource/Sunset_Strip_(film)
1304	Butch Cassidy and the Sundance Kid (1969)	http://dbpedia.org/resource/Butch_Cassidy_and_the_Sundance_Kid
2273	Rush Hour (1998)	http://dbpedia.org/resource/Rush_Hour_(1998_film)
2313	Elephant Man, The (1980)	http://dbpedia.org/resource/The_Elephant_Man_(1982_film)
2011	Back to the Future Part II (1989)	http://dbpedia.org/resource/Back_to_the_Future_Part_II
3951	Two Family House (2000)	http://dbpedia.org/resource/Two_Family_House
3224	Woman in the Dunes (Suna no onna) (1964)	http://dbpedia.org/resource/The_Woman_in_the_Dunes
1317	I'm Not Rappaport (1996)	http://dbpedia.org/resource/I'm_Not_Rappaport_(film)
130	Angela (1995)	http://dbpedia.org/resource/Angela_(1995_film)
2689	Get Bruce (1999)	http://dbpedia.org/resource/Get_Bruce
1184	Mediterraneo (1991)	http://dbpedia.org/resource/Mediterraneo
2107	Halloween: H20 (1998)	http://dbpedia.org/resource/Halloween_H20:_20_Years_Later
695	True Crime (1995)	http://dbpedia.org/resource/True_Crime_(1996_film)
1739	3 Ninjas: High Noon On Mega Mountain (1998)	http://dbpedia.org/resource/3_Ninjas:_High_Noon_at_Mega_Mountain
1021	Angels in the Outfield (1994)	http://dbpedia.org/resource/Angels_in_the_Outfield_(1994_film)
2560	Ravenous (1999)	http://dbpedia.org/resource/Ravenous
1305	Paris, Texas (1984)	http://dbpedia.org/resource/Paris,_Texas_(film)
2398	Miracle on 34th Street (1947)	http://dbpedia.org/resource/Miracle_on_34th_Street
447	Favor, The (1994)	http://dbpedia.org/resource/The_Favor_(2006_film)
2108	L.A. Story (1991)	http://dbpedia.org/resource/L.A._Story
2012	Back to the Future Part III (1990)	http://dbpedia.org/resource/Back_to_the_Future_Part_III
1306	Until the End of the World (Bis ans Ende der Welt) (1991)	http://dbpedia.org/resource/Until_the_End_of_the_World
529	Searching for Bobby Fischer (1993)	http://dbpedia.org/resource/Searching_for_Bobby_Fischer
3350	Raisin in the Sun, A (1961)	http://dbpedia.org/resource/A_Raisin_in_the_Sun_(1961_film)
2254	Choices (1981)	http://dbpedia.org/resource/Choices_(film)
1318	Blue Juice (1995)	http://dbpedia.org/resource/Blue_Juice
696	Butterfly Kiss (1995)	http://dbpedia.org/resource/Butterfly_Kiss
2109	Jerk, The (1979)	http://dbpedia.org/resource/The_Jerk
2783	Tomb of Ligeia, The (1965)	http://dbpedia.org/resource/The_Tomb_of_Ligeia
3225	Down to You (2000)	http://dbpedia.org/resource/Down_to_You
1185	My Left Foot (1989)	http://dbpedia.org/resource/My_Left_Foot
131	Frankie Starlight (1995)	http://dbpedia.org/resource/Frankie_Starlight
3602	G. I. Blues (1960)	http://dbpedia.org/resource/G.I._Blues
2275	Six-String Samurai (1998)	http://dbpedia.org/resource/Six-String_Samurai
1307	When Harry Met Sally... (1989)	http://dbpedia.org/resource/When_Harry_Met_Sally...
1627	U Turn (1997)	http://dbpedia.org/resource/U_Turn_(1997_film)
790	An Unforgettable Summer (1994)	http://dbpedia.org/resource/An_Unforgettable_Summer
2255	Young Doctors in Love (1982)	http://dbpedia.org/resource/Young_Doctors_in_Love
3868	Naked Gun: From the Files of Police Squad!, The (1988)	http://dbpedia.org/resource/The_Naked_Gun:_From_the_Files_of_Police_Squad!
3174	Man on the Moon (1999)	http://dbpedia.org/resource/Man_on_the_Moon_(film)
2110	Dead Men Don't Wear Plaid (1982)	http://dbpedia.org/resource/Dead_Men_Don't_Wear_Plaid
3723	Hamlet (1990)	http://dbpedia.org/resource/Hamlet_(1990_film)
530	Second Best (1994)	http://dbpedia.org/resource/Second_Best_(film)
697	Feeling Minnesota (1996)	http://dbpedia.org/resource/Feeling_Minnesota
2784	Masque of the Red Death, The (1964)	http://dbpedia.org/resource/The_Masque_of_the_Red_Death_(film)
2644	Dracula (1931)	http://dbpedia.org/resource/Dracula_(1931_English-language_film)
3603	Gay Deceivers, The (1969)	http://dbpedia.org/resource/The_Gay_Deceivers
267	Major Payne (1994)	http://dbpedia.org/resource/Major_Payne
1587	Conan the Barbarian (1982)	http://dbpedia.org/resource/Conan_the_Barbarian_(1982_film)
34	Babe (1995)	http://dbpedia.org/resource/Babe_(film)
3175	Galaxy Quest (1999)	http://dbpedia.org/resource/Galaxy_Quest
261	Little Women (1994)	http://dbpedia.org/resource/Little_Women_(1994_film)
2445	At First Sight (1999)	http://dbpedia.org/resource/At_First_Sight
2276	Soldier's Daughter Never Cries, A (1998)	http://dbpedia.org/resource/A_Soldier's_Daughter_Never_Cries_(film)
1723	Twisted (1996)	http://dbpedia.org/resource/Twisted_(1996_film)
3468	Hustler, The (1961)	http://dbpedia.org/resource/The_Hustler_(film)
1186	Sex, Lies, and Videotape (1989)	http://dbpedia.org/resource/Sex,_Lies,_and_Videotape
1309	Parallel Sons (1995)	http://dbpedia.org/resource/Parallel_Sons
1628	Locusts, The (1997)	http://dbpedia.org/resource/The_Locusts_(film)
1454	SubUrbia (1997)	http://dbpedia.org/resource/Suburbia_(film)
2775	Head On (1998)	http://dbpedia.org/resource/Howl's_Moving_Castle_(film)
2179	Topaz (1969)	http://dbpedia.org/resource/Topaz_(1969_film)
1879	Hanging Garden, The (1997)	http://dbpedia.org/resource/Hanging_Garden_(film)
1724	Full Speed (1996)	http://dbpedia.org/resource/Full_Speed
2957	Sparrows (1926)	http://dbpedia.org/resource/Sparrows_(1926_film)
2785	Tales of Terror (1962)	http://dbpedia.org/resource/Tales_of_Terror
1355	Nightwatch (1997)	http://dbpedia.org/resource/Nightwatch_(1997_film)
2111	Man with Two Brains, The (1983)	http://dbpedia.org/resource/The_Man_with_Two_Brains
3303	Black Tar Heroin: The Dark End of the Street (1999)	http://dbpedia.org/resource/Black_Tar_Heroin_(film)
1221	Godfather: Part II, The (1974)	http://dbpedia.org/resource/The_Godfather_Part_II
1022	Cinderella (1950)	http://dbpedia.org/resource/Cinderella_(1950_film)
2914	Molly (1999)	http://dbpedia.org/resource/Molly_(film)
1806	Paulie (1998)	http://dbpedia.org/resource/Paulie
2256	Parasite (1982)	http://dbpedia.org/resource/Parasite_(film)
268	Little Odessa (1994)	http://dbpedia.org/resource/Little_Odessa
698	Delta of Venus (1994)	http://dbpedia.org/resource/Delta_of_Venus_(film)
1588	George of the Jungle (1997)	http://dbpedia.org/resource/George_of_the_Jungle_(film)
1742	Caught Up (1998)	http://dbpedia.org/resource/Caught_Up_(film)
3098	Natural, The (1984)	http://dbpedia.org/resource/The_Natural_(film)
1023	Winnie the Pooh and the Blustery Day (1968)	http://dbpedia.org/resource/Winnie_the_Pooh_and_the_Blustery_Day
792	Hungarian Fairy Tale, A (1987)	http://dbpedia.org/resource/A_Hungarian_Fairy_Tale
2257	No Small Affair (1984)	http://dbpedia.org/resource/No_Small_Affair
137	Man of the Year (1995)	http://dbpedia.org/resource/Man_of_the_Year_(1995_film)
1925	Wings (1927)	http://dbpedia.org/resource/Wings_(1927_film)
1310	Hype! (1996)	http://dbpedia.org/resource/Hype!
3176	Talented Mr. Ripley, The (1999)	http://dbpedia.org/resource/The_Talented_Mr._Ripley_(film)
562	Welcome to the Dollhouse (1995)	http://dbpedia.org/resource/Welcome_to_the_Dollhouse
1024	Three Caballeros, The (1945)	http://dbpedia.org/resource/The_Three_Caballeros
3819	Tampopo (1986)	http://dbpedia.org/resource/Tampopo
2259	Blame It on Rio (1984)	http://dbpedia.org/resource/Blame_It_on_Rio
2561	True Crime (1999)	http://dbpedia.org/resource/True_Crime_(1999_film)
1594	In the Company of Men (1997)	http://dbpedia.org/resource/In_the_Company_of_Men
1589	Cop Land (1997)	http://dbpedia.org/resource/Cop_Land
1356	Star Trek: First Contact (1996)	http://dbpedia.org/resource/Star_Trek:_First_Contact
1187	Passion Fish (1992)	http://dbpedia.org/resource/Passion_Fish
2112	Grand Canyon (1991)	http://dbpedia.org/resource/Grand_Canyon_(1991_film)
1099	Christmas Carol, A (1938)	http://dbpedia.org/resource/A_Christmas_Carol_(2009_film)
2399	Santa Claus: The Movie (1985)	http://dbpedia.org/resource/Santa_Claus:_The_Movie
2645	Dracula (1958)	http://dbpedia.org/resource/Dracula_(1958_film)
2690	Ideal Husband, An (1999)	http://dbpedia.org/resource/An_Ideal_Husband_(1999_film)
1880	Lawn Dogs (1997)	http://dbpedia.org/resource/Lawn_Dogs
2646	House of Dracula (1945)	http://dbpedia.org/resource/House_of_Dracula
306	Three Colors: Red (1994)	http://dbpedia.org/resource/Three_Colors:_Red
1455	Hotel de Love (1996)	http://dbpedia.org/resource/Hotel_de_Love
2647	House of Frankenstein (1944)	http://dbpedia.org/resource/House_of_Frankenstein_(1944_film)
3352	Brown's Requiem (1998)	http://dbpedia.org/resource/Brown's_Requiem_(film)
2915	Risky Business (1983)	http://dbpedia.org/resource/Risky_Business
2777	Cobra (1925)	http://dbpedia.org/resource/Cobra_(1986_film)
2027	Mafia! (1998)	http://dbpedia.org/resource/Mafia_(1993_film)
138	Neon Bible, The (1995)	http://dbpedia.org/resource/The_Neon_Bible_(film)
3229	Another Man's Poison (1952)	http://dbpedia.org/resource/Another_Man's_Poison
1025	Sword in the Stone, The (1963)	http://dbpedia.org/resource/The_Sword_in_the_Stone_(film)
1321	American Werewolf in London, An (1981)	http://dbpedia.org/resource/An_American_Werewolf_in_London
2113	Graveyard Shift (1990)	http://dbpedia.org/resource/Graveyard_shift
35	Carrington (1995)	http://dbpedia.org/resource/Carrington_(film)
2786	Haunted Honeymoon (1986)	http://dbpedia.org/resource/Haunted_Honeymoon
2778	Never Talk to Strangers (1995)	http://dbpedia.org/resource/Never_Talk_to_Strangers
307	Three Colors: Blue (1993)	http://dbpedia.org/resource/Three_Colors:_Blue
3562	Committed (2000)	http://dbpedia.org/resource/Committed_(2000_film)
1026	So Dear to My Heart (1949)	http://dbpedia.org/resource/So_Dear_to_My_Heart
1807	Cool Dry Place, A (1998)	http://dbpedia.org/resource/A_Cool,_Dry_Place
3820	Thomas and the Magic Railroad (2000)	http://dbpedia.org/resource/Thomas_and_the_Magic_Railroad
2260	Wisdom (1986)	http://dbpedia.org/resource/Wisdom_(film)
2028	Saving Private Ryan (1998)	http://dbpedia.org/resource/Saving_Private_Ryan
3043	Meatballs 4 (1992)	http://dbpedia.org/resource/Meatballs_4
1027	Robin Hood: Prince of Thieves (1991)	http://dbpedia.org/resource/Robin_Hood:_Prince_of_Thieves
1222	Full Metal Jacket (1987)	http://dbpedia.org/resource/Full_Metal_Jacket
1881	Quest for Camelot (1998)	http://dbpedia.org/resource/Quest_for_Camelot
2261	One Crazy Summer (1986)	http://dbpedia.org/resource/One_Crazy_Summer
563	Germinal (1993)	http://dbpedia.org/resource/Germinal_(1993_film)
1595	Free Willy 3: The Rescue (1997)	http://dbpedia.org/resource/Free_Willy_3:_The_Rescue
2262	About Last Night... (1986)	http://dbpedia.org/resource/About_Last_Night_(1986_film)
2314	Beloved (1998)	http://dbpedia.org/resource/Beloved_(film)
1726	Postman, The (1997)	http://dbpedia.org/resource/The_Postman_(film)
3099	Shampoo (1975)	http://dbpedia.org/resource/Shampoo_(film)
1744	Firestorm (1998)	http://dbpedia.org/resource/Firestorm_(1998_film)
2648	Frankenstein (1931)	http://dbpedia.org/resource/Frankenstein_(1931_film)
1488	Devil's Own, The (1997)	http://dbpedia.org/resource/The_Devil's_Own_(1916_film)
2139	Secret of NIMH, The (1982)	http://dbpedia.org/resource/The_Secret_of_NIMH_2:_Timmy_to_the_Rescue
2649	Son of Frankenstein (1939)	http://dbpedia.org/resource/Son_of_Frankenstein
308	Three Colors: White (1994)	http://dbpedia.org/resource/Three_Colors:_White
1060	Swingers (1996)	http://dbpedia.org/resource/Swingers_(1996_film)
2114	Outsiders, The (1983)	http://dbpedia.org/resource/The_Outsiders_(film)
1809	Hana-bi (1997)	http://dbpedia.org/resource/Hana-bi
1322	Amityville 1992: It's About Time (1992)	http://dbpedia.org/resource/Amityville:_It's_About_Time
2115	Indiana Jones and the Temple of Doom (1984)	http://dbpedia.org/resource/Indiana_Jones_and_the_Temple_of_Doom
1100	Days of Thunder (1990)	http://dbpedia.org/resource/Days_of_Thunder
3430	Death Wish (1974)	http://dbpedia.org/resource/Death_Wish_(film)
2116	Lord of the Rings, The (1978)	http://dbpedia.org/resource/The_Lord_of_the_Rings:_The_Two_Towers
2029	Billy's Hollywood Screen Kiss (1997)	http://dbpedia.org/resource/Billy's_Hollywood_Screen_Kiss
6	Heat (1995)	http://dbpedia.org/resource/Heat_(1995_film)
2117	Nineteen Eighty-Four (1984)	http://dbpedia.org/resource/Nineteen_Eighty-Four_(film)
1223	Grand Day Out, A (1992)	http://dbpedia.org/resource/A_Grand_Day_Out
3044	Dead Again (1991)	http://dbpedia.org/resource/Dead_Again
2118	Dead Zone, The (1983)	http://dbpedia.org/resource/The_Dead_Zone_(film)
3354	Mission to Mars (2000)	http://dbpedia.org/resource/Mission_to_Mars
1188	Strictly Ballroom (1992)	http://dbpedia.org/resource/Strictly_Ballroom
2119	Maximum Overdrive (1986)	http://dbpedia.org/resource/Maximum_Overdrive
3100	River Runs Through It, A (1992)	http://dbpedia.org/resource/A_River_Runs_Through_It_(film)
1596	Career Girls (1997)	http://dbpedia.org/resource/Career_Girls
309	Red Firecracker, Green Firecracker (1994)	http://dbpedia.org/resource/Red_Firecracker,_Green_Firecracker
2120	Needful Things (1993)	http://dbpedia.org/resource/Needful_Things_(film)
2140	Dark Crystal, The (1982)	http://dbpedia.org/resource/The_Dark_Crystal
1489	Cats Don't Dance (1997)	http://dbpedia.org/resource/Cats_Don't_Dance
2121	Cujo (1983)	http://dbpedia.org/resource/Cujo_(film)
3431	Death Wish II (1982)	http://dbpedia.org/resource/Death_Wish_II
1810	Primary Colors (1998)	http://dbpedia.org/resource/Primary_Colors_(film)
2122	Children of the Corn (1984)	http://dbpedia.org/resource/Children_of_the_Corn_(1984_film)
1323	Amityville 3-D (1983)	http://dbpedia.org/resource/Amityville_3-D
2123	All Dogs Go to Heaven (1989)	http://dbpedia.org/resource/All_Dogs_Go_to_Heaven
2691	Legend of 1900, The (Leggenda del pianista sull'oceano) (1998)	http://dbpedia.org/resource/The_Legend_of_1900
2013	Poseidon Adventure, The (1972)	http://dbpedia.org/resource/The_Poseidon_Adventure_(1972_film)
2124	Addams Family, The (1991)	http://dbpedia.org/resource/Addams_Family_Reunion
3230	Odessa File, The (1974)	http://dbpedia.org/resource/The_Odessa_File_(film)
3045	Peter's Friends (1992)	http://dbpedia.org/resource/Peter's_Friends
2125	Ever After: A Cinderella Story (1998)	http://dbpedia.org/resource/Ever_After
3355	Ninth Gate, The (2000)	http://dbpedia.org/resource/The_Ninth_Gate
1746	Senseless (1998)	http://dbpedia.org/resource/Senseless
2126	Snake Eyes (1998)	http://dbpedia.org/resource/Snake_Eyes_(film)
170	Hackers (1995)	http://dbpedia.org/resource/Hackers_(film)
3688	Porky's (1981)	http://dbpedia.org/resource/Porky's
2128	Safe Men (1998)	http://dbpedia.org/resource/Safe_Men
3604	Gypsy (1962)	http://dbpedia.org/resource/Gypsy_(1962_film)
1324	Amityville: Dollhouse (1996)	http://dbpedia.org/resource/Amityville_Dollhouse
2129	Saltmen of Tibet, The (1997)	http://dbpedia.org/resource/The_Saltmen_of_Tibet
310	Rent-a-Kid (1995)	http://dbpedia.org/resource/Rent-a-Kid
3432	Death Wish 3 (1985)	http://dbpedia.org/resource/Death_Wish_3
2130	Atlantic City (1980)	http://dbpedia.org/resource/Atlantic_City_(1980_film)
1490	B*A*P*S (1997)	http://dbpedia.org/resource/B*A*P*S
3821	Nutty Professor II: The Klumps (2000)	http://dbpedia.org/resource/Nutty_Professor_II:_The_Klumps
2132	Who's Afraid of Virginia Woolf? (1966)	http://dbpedia.org/resource/Who's_Afraid_of_Virginia_Woolf%3F_(film)
2180	Torn Curtain (1966)	http://dbpedia.org/resource/Torn_Curtain
3046	Incredibly True Adventure of Two Girls in Love, The (1995)	http://dbpedia.org/resource/The_Incredibly_True_Adventure_of_Two_Girls_in_Love
2133	Adventures in Babysitting (1987)	http://dbpedia.org/resource/Adventures_in_Babysitting
2315	Bride of Chucky (1998)	http://dbpedia.org/resource/Bride_of_Chucky
918	Meet Me in St. Louis (1944)	http://dbpedia.org/resource/Meet_Me_in_St._Louis
1811	Niagara, Niagara (1997)	http://dbpedia.org/resource/Niagara,_Niagara
1028	Mary Poppins (1964)	http://dbpedia.org/resource/Mary_Poppins_(film)
1189	Thin Blue Line, The (1988)	http://dbpedia.org/resource/The_Thin_Blue_Line
3101	Fatal Attraction (1987)	http://dbpedia.org/resource/Fatal_Attraction
1029	Dumbo (1941)	http://dbpedia.org/resource/Dumbo
3689	Porky's II: The Next Day (1983)	http://dbpedia.org/resource/Porky's_II:_The_Next_Day
448	Fearless (1993)	http://dbpedia.org/resource/Fearless_(1993_film)
1030	Pete's Dragon (1977)	http://dbpedia.org/resource/Pete's_Dragon
2526	Meteor (1979)	http://dbpedia.org/resource/Meteor_(film)
3231	Saphead, The (1920)	http://dbpedia.org/resource/The_Saphead
1031	Bedknobs and Broomsticks (1971)	http://dbpedia.org/resource/Bedknobs_and_Broomsticks
3433	Death Wish 4: The Crackdown (1987)	http://dbpedia.org/resource/Death_Wish_4:_The_Crackdown
311	Relative Fear (1994)	http://dbpedia.org/resource/Relative_Fear
1032	Alice in Wonderland (1951)	http://dbpedia.org/resource/Alice_in_Wonderland_(1951_film)
1325	Amityville: A New Generation (1993)	http://dbpedia.org/resource/Amityville:_A_New_Generation
838	Emma (1996)	http://dbpedia.org/resource/Emma
1033	Fox and the Hound, The (1981)	http://dbpedia.org/resource/The_Fox_and_the_Hound_2
1061	Sleepers (1996)	http://dbpedia.org/resource/Sleepers_(film)
2692	Run Lola Run (Lola rennt) (1998)	http://dbpedia.org/resource/Run_Lola_Run
1034	Freeway (1996)	http://dbpedia.org/resource/Freeway_(1996_film)
2787	Cat's Eye (1985)	http://dbpedia.org/resource/Cat's_Eye_(1985_film)
2316	Practical Magic (1998)	http://dbpedia.org/resource/Practical_Magic
1035	Sound of Music, The (1965)	http://dbpedia.org/resource/The_Sound_of_Music_(film)
2400	Prancer (1989)	http://dbpedia.org/resource/Prancer_(film)
3605	King Creole (1958)	http://dbpedia.org/resource/King_Creole
1036	Die Hard (1988)	http://dbpedia.org/resource/Die_Hard
2916	Total Recall (1990)	http://dbpedia.org/resource/Total_Recall_(2012_film)
2181	Marnie (1964)	http://dbpedia.org/resource/Marnie_(film)
1037	Lawnmower Man, The (1992)	http://dbpedia.org/resource/The_Lawnmower_Man_(film)
1190	Tie Me Up! Tie Me Down! (1990)	http://dbpedia.org/resource/Tie_Me_Up!_Tie_Me_Down!
1101	Top Gun (1986)	http://dbpedia.org/resource/Top_Gun_(1955_film)
1038	Unhook the Stars (1996)	http://dbpedia.org/resource/Unhook_the_Stars
3690	Porky's Revenge (1985)	http://dbpedia.org/resource/Porky's_Revenge!
1040	Secret Agent, The (1996)	http://dbpedia.org/resource/The_Secret_Agent_(film)
3724	Coming Home (1978)	http://dbpedia.org/resource/Coming_Home_(1978_film)
2527	Westworld (1973)	http://dbpedia.org/resource/Westworld
1224	Henry V (1989)	http://dbpedia.org/resource/Henry_V_(1989_film)
1041	Secrets & Lies (1996)	http://dbpedia.org/resource/Secrets_of_the_Furious_Five
3304	Blue Collar (1978)	http://dbpedia.org/resource/Blue_Collar_(film)
2031	$1,000,000 Duck (1971)	http://dbpedia.org/resource/The_Million_Dollar_Duck
1042	That Thing You Do! (1996)	http://dbpedia.org/resource/That_Thing_You_Do!
1597	Conspiracy Theory (1997)	http://dbpedia.org/resource/Conspiracy_Theory_(film)
2959	Fight Club (1999)	http://dbpedia.org/resource/Fight_Club
1043	To Gillian on Her 37th Birthday (1996)	http://dbpedia.org/resource/To_Gillian_on_Her_37th_Birthday
1326	Amityville II: The Possession (1982)	http://dbpedia.org/resource/Amityville_II:_The_Possession
449	Fear of a Black Hat (1993)	http://dbpedia.org/resource/Fear_of_a_Black_Hat
1044	Surviving Picasso (1996)	http://dbpedia.org/resource/Surviving_Picasso
1747	Wag the Dog (1997)	http://dbpedia.org/resource/Wag_the_Dog
1926	Broadway Melody, The (1929)	http://dbpedia.org/resource/Broadway_Melody_of_1938
1045	Love Is All There Is (1996)	http://dbpedia.org/resource/Love_Is_All_There_Is
3048	Under the Rainbow (1981)	http://dbpedia.org/resource/Under_the_Rainbow
2562	Bandits (1997)	http://dbpedia.org/resource/Bandits_(1997_film)
1062	Sunchaser, The (1996)	http://dbpedia.org/resource/Sunchaser
3232	Seven Chances (1925)	http://dbpedia.org/resource/Seven_Chances
2788	And Now for Something Completely Different (1971)	http://dbpedia.org/resource/And_Now_for_Something_Completely_Different
1493	Love and Other Catastrophes (1996)	http://dbpedia.org/resource/Love_and_Other_Catastrophes
2401	Pale Rider (1985)	http://dbpedia.org/resource/Pale_Rider
839	Crow: City of Angels, The (1996)	http://dbpedia.org/resource/The_Crow:_City_of_Angels
1191	Madonna: Truth or Dare (1991)	http://dbpedia.org/resource/Madonna:_Truth_or_Dare
312	Stuart Saves His Family (1995)	http://dbpedia.org/resource/Stuart_Saves_His_Family
2528	Logan's Run (1976)	http://dbpedia.org/resource/Logan's_Run_(film)
1812	Wide Awake (1998)	http://dbpedia.org/resource/Wide_Awake_(1998_film)
398	Frank and Ollie (1995)	http://dbpedia.org/resource/Frank_and_Ollie
3469	Inherit the Wind (1960)	http://dbpedia.org/resource/Inherit_the_Wind_(1960_film)
3049	How I Won the War (1967)	http://dbpedia.org/resource/How_I_Won_the_War
2317	Alarmist, The (1997)	http://dbpedia.org/resource/The_Alarmist
796	Very Natural Thing, A (1974)	http://dbpedia.org/resource/A_Very_Natural_Thing
1629	MatchMaker, The (1997)	http://dbpedia.org/resource/The_Matchmaker_(1997_film)
1192	Paris Is Burning (1990)	http://dbpedia.org/resource/Paris_Is_Burning_(film)
3102	Jagged Edge (1985)	http://dbpedia.org/resource/Jagged_Edge_(film)
3691	Private School (1983)	http://dbpedia.org/resource/Private_School_(film)
450	With Honors (1994)	http://dbpedia.org/resource/With_Honors_(film)
2654	Wolf Man, The (1941)	http://dbpedia.org/resource/The_Wolf_Man_(1941_film)
2032	Barefoot Executive, The (1971)	http://dbpedia.org/resource/The_Barefoot_Executive
2014	Freaky Friday (1977)	http://dbpedia.org/resource/Freaky_Friday_(1976_film)
1102	American Strays (1996)	http://dbpedia.org/resource/American_Strays
1598	Desperate Measures (1998)	http://dbpedia.org/resource/Desperate_Measures_(film)
36	Dead Man Walking (1995)	http://dbpedia.org/resource/Dead_Man_Walking_(film)
2917	Body Heat (1981)	http://dbpedia.org/resource/Body_Heat
3725	American Pop (1981)	http://dbpedia.org/resource/American_Pop
3563	Crow: Salvation, The (2000)	http://dbpedia.org/resource/The_Crow:_Salvation
1225	Amadeus (1984)	http://dbpedia.org/resource/Amadeus_(film)
139	Target (1995)	http://dbpedia.org/resource/Target_Earth_(film)
3357	East-West (Est-ouest) (1999)	http://dbpedia.org/resource/East/West
3050	Light It Up (1999)	http://dbpedia.org/resource/Light_It_Up_(film)
1494	Sixth Man, The (1997)	http://dbpedia.org/resource/The_6th_Man
399	Girl in the Cadillac (1995)	http://dbpedia.org/resource/Girl_in_the_Cadillac
1357	Shine (1996)	http://dbpedia.org/resource/Shine_(film)
2402	Rambo: First Blood Part II (1985)	http://dbpedia.org/resource/Rambo:_First_Blood_Part_II
1814	Price Above Rubies, A (1998)	http://dbpedia.org/resource/A_Price_Above_Rubies
2015	Absent Minded Professor, The (1961)	http://dbpedia.org/resource/The_Absent-Minded_Professor
840	House Arrest (1996)	http://dbpedia.org/resource/House_Arrest_(film)
3051	Anywhere But Here (1999)	http://dbpedia.org/resource/Anywhere_but_Here_(film)
2960	Beefcake (1999)	http://dbpedia.org/resource/Beefcake_(film)
400	Homage (1995)	http://dbpedia.org/resource/Homage_to_Chagall:_The_Colours_of_Love
3233	Smashing Time (1967)	http://dbpedia.org/resource/Smashing_Time
3564	Flintstones in Viva Rock Vegas, The (2000)	http://dbpedia.org/resource/The_Flintstones_in_Viva_Rock_Vegas
2824	On the Ropes (1999)	http://dbpedia.org/resource/On_the_Ropes_(2011_film)
1327	Amityville Horror, The (1979)	http://dbpedia.org/resource/The_Amityville_Horror_(1979_film)
451	Flesh and Bone (1993)	http://dbpedia.org/resource/Flesh_and_Bone_(film)
2033	Black Cauldron, The (1985)	http://dbpedia.org/resource/The_Black_Cauldron_(film)
1456	Pest, The (1997)	http://dbpedia.org/resource/Pest_from_the_West
270	Love Affair (1994)	http://dbpedia.org/resource/Love_Affair_(1994_film)
1103	Rebel Without a Cause (1955)	http://dbpedia.org/resource/Rebel_Without_a_Cause
2918	Ferris Bueller's Day Off (1986)	http://dbpedia.org/resource/Ferris_Bueller's_Day_Off
3358	Defending Your Life (1991)	http://dbpedia.org/resource/Defending_Your_Life
2789	Damien: Omen II (1978)	http://dbpedia.org/resource/Damien:_Omen_II
1358	Sling Blade (1996)	http://dbpedia.org/resource/Sling_Blade
2278	Ronin (1998)	http://dbpedia.org/resource/Ronin_(film)
1495	Turbo: A Power Rangers Movie (1997)	http://dbpedia.org/resource/Turbo:_A_Power_Rangers_Movie
1328	Amityville Curse, The (1990)	http://dbpedia.org/resource/The_Amityville_Curse
841	Eyes Without a Face (1959)	http://dbpedia.org/resource/Eyes_Without_a_Face
2693	Trekkies (1997)	http://dbpedia.org/resource/Trekkies_(film)
3177	Next Friday (1999)	http://dbpedia.org/resource/Next_Friday
3871	Shane (1953)	http://dbpedia.org/resource/Shane_(film)
271	Losing Isaiah (1995)	http://dbpedia.org/resource/Losing_Isaiah
2141	American Tail, An (1986)	http://dbpedia.org/resource/An_American_Tail
452	Widows' Peak (1994)	http://dbpedia.org/resource/Widows'_Peak
942	Laura (1944)	http://dbpedia.org/resource/Laura_(1944_film)
1193	One Flew Over the Cuckoo's Nest (1975)	http://dbpedia.org/resource/One_Flew_Over_the_Cuckoo's_Nest_(film)
3359	Breaking Away (1979)	http://dbpedia.org/resource/Breaking_Away
2919	Year of Living Dangerously (1982)	http://dbpedia.org/resource/The_Year_of_Living_Dangerously_(film)
1927	All Quiet on the Western Front (1930)	http://dbpedia.org/resource/All_Quiet_on_the_Western_Front_(1930_film)
2016	Apple Dumpling Gang Rides Again, The (1979)	http://dbpedia.org/resource/The_Apple_Dumpling_Gang_Rides_Again
2279	Urban Legend (1998)	http://dbpedia.org/resource/Urban_Legend_(film)
1359	Jingle All the Way (1996)	http://dbpedia.org/resource/Jingle_All_the_Way
1329	Blood For Dracula (Andy Warhol's Dracula) (1974)	http://dbpedia.org/resource/Blood_for_Dracula
842	Tales from the Crypt Presents: Bordello of Blood (1996)	http://dbpedia.org/resource/Bordello_of_Blood
272	Madness of King George, The (1994)	http://dbpedia.org/resource/The_Madness_of_King_George
3470	Dersu Uzala (1974)	http://dbpedia.org/resource/Dersu_Uzala_(1975_film)
2142	American Tail: Fievel Goes West, An (1991)	http://dbpedia.org/resource/An_American_Tail:_Fievel_Goes_West
564	Chasers (1994)	http://dbpedia.org/resource/The_Chasers_(1965_film)
2920	Children of Paradise (Les enfants du paradis) (1945)	http://dbpedia.org/resource/Children_of_Paradise
2446	In Dreams (1999)	http://dbpedia.org/resource/In_Dreams_(film)
2280	Clay Pigeons (1998)	http://dbpedia.org/resource/Clay_Pigeons
3360	Hoosiers (1986)	http://dbpedia.org/resource/Hoosiers
1882	Godzilla (1998)	http://dbpedia.org/resource/Godzilla_(1998_film)
3726	Assault on Precinct 13 (1976)	http://dbpedia.org/resource/Assault_on_Precinct_13_(1976_film)
1457	Fools Rush In (1997)	http://dbpedia.org/resource/Fools_Rush_In_(1997_film)
2961	Story of Us, The (1999)	http://dbpedia.org/resource/The_Story_of_Us
3471	Close Encounters of the Third Kind (1977)	http://dbpedia.org/resource/Close_Encounters_of_the_Third_Kind
1748	Dark City (1998)	http://dbpedia.org/resource/Dark_City_(1998_film)
313	Swan Princess, The (1994)	http://dbpedia.org/resource/The_Swan_Princess
656	Eddie (1996)	http://dbpedia.org/resource/Eddie_(film)
2447	Varsity Blues (1999)	http://dbpedia.org/resource/Varsity_Blues_(film)
2921	High Plains Drifter (1972)	http://dbpedia.org/resource/High_Plains_Drifter
141	Birdcage, The (1996)	http://dbpedia.org/resource/The_Birdcage
1226	Quiet Man, The (1952)	http://dbpedia.org/resource/The_Quiet_Man
565	Cronos (1992)	http://dbpedia.org/resource/Cronos_(film)
2281	Monument Ave. (1998)	http://dbpedia.org/resource/Monument_Ave.
3361	Bull Durham (1988)	http://dbpedia.org/resource/Bull_Durham
7	Sabrina (1995)	http://dbpedia.org/resource/Sabrina_(1995_film)
2182	Wrong Man, The (1956)	http://dbpedia.org/resource/The_Wrong_Man_(1917_film)
919	Wizard of Oz, The (1939)	http://dbpedia.org/resource/Wizard_of_Oz_(1925_film)
314	Secret of Roan Inish, The (1994)	http://dbpedia.org/resource/The_Secret_of_Roan_Inish
3052	Dogma (1999)	http://dbpedia.org/resource/Dogma_(film)
1360	Identification of a Woman (Identificazione di una donna) (1982)	http://dbpedia.org/resource/Identification_of_a_Woman
1883	Bulworth (1998)	http://dbpedia.org/resource/Bulworth
566	Naked in New York (1994)	http://dbpedia.org/resource/Naked_in_New_York
3823	Wonderland (1999)	http://dbpedia.org/resource/Wonderland_(1999_film)
943	Ghost and Mrs. Muir, The (1947)	http://dbpedia.org/resource/The_Ghost_and_Mrs._Muir
657	Yankee Zulu (1994)	http://dbpedia.org/resource/There's_a_Zulu_On_My_Stoep
3606	On the Town (1949)	http://dbpedia.org/resource/The_Sting
273	Mary Shelley's Frankenstein (1994)	http://dbpedia.org/resource/Mary_Shelley's_Frankenstein_(film)
3362	Dog Day Afternoon (1975)	http://dbpedia.org/resource/Dog_Day_Afternoon
2922	Hang 'em High (1967)	http://dbpedia.org/resource/Hang_'Em_High
3473	Jonah Who Will Be 25 in the Year 2000 (1976)	http://dbpedia.org/resource/Jonah_Who_Will_Be_25_in_the_Year_2000
2282	Pecker (1998)	http://dbpedia.org/resource/Pecker_(film)
1104	Streetcar Named Desire, A (1951)	http://dbpedia.org/resource/A_Streetcar_Named_Desire_(1951_film)
8	Tom and Huck (1995)	http://dbpedia.org/resource/Tom_and_Huck
3236	Zachariah (1971)	http://dbpedia.org/resource/Zachariah_(film)
1884	Fear and Loathing in Las Vegas (1998)	http://dbpedia.org/resource/Fear_and_Loathing_in_Las_Vegas_(film)
1227	Once Upon a Time in America (1984)	http://dbpedia.org/resource/Once_Upon_a_Time_in_America
1749	Leading Man, The (1996)	http://dbpedia.org/resource/The_Leading_Man
1361	Paradise Lost: The Child Murders at Robin Hood Hills (1996)	http://dbpedia.org/resource/Paradise_Lost:_The_Child_Murders_at_Robin_Hood_Hills
1330	April Fool's Day (1986)	http://dbpedia.org/resource/April_Fool's_Day_(1986_film)
567	Kika (1993)	http://dbpedia.org/resource/Kika
3692	Class of Nuke 'Em High (1986)	http://dbpedia.org/resource/Class_of_Nuke_'Em_High
171	Jeffrey (1995)	http://dbpedia.org/resource/Jeffrey_(film)
143	Gospa (1995)	http://dbpedia.org/resource/Gospa
1815	Eden (1997)	http://dbpedia.org/resource/Eden_Lake
3824	Autumn in New York (2000)	http://dbpedia.org/resource/Autumn_in_New_York_(film)
1228	Raging Bull (1980)	http://dbpedia.org/resource/Raging_Bull
9	Sudden Death (1995)	http://dbpedia.org/resource/Sudden_Death
3727	Near Dark (1987)	http://dbpedia.org/resource/Near_Dark_(2008_film)
2283	Sheltering Sky, The (1990)	http://dbpedia.org/resource/The_Sheltering_Sky_(film)
1631	Assignment, The (1997)	http://dbpedia.org/resource/Golgo_13:_Assignment_Kowloon
1885	Opposite of Sex, The (1998)	http://dbpedia.org/resource/The_Opposite_of_Sex
2564	Empty Mirror, The (1999)	http://dbpedia.org/resource/The_Empty_Mirror
